Workbook
Name A1zxx: Январь!$A$1

Sheet Январь
A1: Номер | B1: Фамилия | C1: Должность | D1: Стаж | E1: Оклад | F1: Премия | G1: Надбавка за стаж | H1: Итого | I1: Налоги | J1: Получить | K1: Доля
A2: 1 | B2: Старухина | C2: Бухгалтер | D2: 0 | E2: 200 | F2: =E2*0.5 -> 100 | G2: =G11 -> 90 | H2: =E2+F2+G2 -> 390 | I2: =0.2*H2 -> 78 | J2: =H2-I2 -> 312 | K2: =J2/$J$22 -> 0.020411368
A3: 2 | B3: Карпин | C3: Главный бухгалтер | D3: 2 | E3: 250 | F3: =E3*0.5 -> 125 | G3: =IF(D3>10,0.2*E3,0) -> 0 | H3: =E3+F3+G3 -> 375 | I3: =0.2*H3 -> 75 | J3: =H3-I3 -> 300 | K3: =J3/$J$22 -> 0.019626315
A4: 3 | B4: Карпович | C4: Маркетолог | D4: 6 | E4: 300 | F4: =E4*0.5 -> 150 | G4: =IF(D4>10,0.2*E4,0) -> 0 | H4: =E4+F4+G4 -> 450 | I4: =0.2*H4 -> 90 | J4: =H4-I4 -> 360 | K4: =J4/$J$22 -> 0.023551578
A5: 4 | B5: Тихон | C5: PR-менеджер | D5: 4 | E5: 350 | F5: =E5*0.5 -> 175 | G5: =IF(D5>10,0.2*E5,0) -> 0 | H5: =E5+F5+G5 -> 525 | I5: =0.2*H5 -> 105 | J5: =H5-I5 -> 420 | K5: =J5/$J$22 -> 0.027476841
A6: 5 | B6: Вермин | C6: Менеджер | D6: 5 | E6: 400 | F6: =E6*0.5 -> 200 | G6: =IF(D6>10,0.2*E6,0) -> 0 | H6: =E6+F6+G6 -> 600 | I6: =0.2*H6 -> 120 | J6: =H6-I6 -> 480 | K6: =J6/$J$22 -> 0.031402104
A7: 6 | B7: Синицын | C7: Старший менеджер | D7: 11 | E7: 410 | F7: =E7*0.5 -> 205 | G7: =IF(D7>10,0.2*E7,0) -> 82 | H7: =E7+F7+G7 -> 697 | I7: =0.2*H7 -> 139.4 | J7: =H7-I7 -> 557.6 | K7: =J7/$J$22 -> 0.036478777
A8: 7 | B8: Сизан | C8: Маркетолог | D8: 20 | E8: 420 | F8: =E8*0.5 -> 210 | G8: =IF(D8>10,0.2*E8,0) -> 84 | H8: =E8+F8+G8 -> 714 | I8: =0.2*H8 -> 142.8 | J8: =H8-I8 -> 571.2 | K8: =J8/$J$22 -> 0.037368504
A9: 8 | B9: Адамович | C9: Бухгалтер | D9: 19 | E9: 430 | F9: =E9*0.5 -> 215 | G9: =IF(D9>10,0.2*E9,0) -> 86 | H9: =E9+F9+G9 -> 731 | I9: =0.2*H9 -> 146.2 | J9: =H9-I9 -> 584.8 | K9: =J9/$J$22 -> 0.03825823
A10: 9 | B10: Торун | C10: Бизнес-аналитик | D10: 15 | E10: 440 | F10: =E10*0.5 -> 220 | G10: =IF(D10>10,0.2*E10,0) -> 88 | H10: =E10+F10+G10 -> 748 | I10: =0.2*H10 -> 149.6 | J10: =H10-I10 -> 598.4 | K10: =J10/$J$22 -> 0.039147956
A11: 10 | B11: Морковец | C11: HR | D11: 16 | E11: 450 | F11: =E11*0.5 -> 225 | G11: =IF(D11>10,0.2*E11,0) -> 90 | H11: =E11+F11+G11 -> 765 | I11: =0.2*H11 -> 153 | J11: =H11-I11 -> 612 | K11: =J11/$J$22 -> 0.040037683
A12: 11 | B12: Родин | C12: Программист | D12: 22 | E12: 630 | F12: =E12*0.5 -> 315 | G12: =IF(D12>10,0.2*E12,0) -> 126 | H12: =E12+F12+G12 -> 1071 | I12: =0.2*H12 -> 214.2 | J12: =H12-I12 -> 856.8 | K12: =J12/$J$22 -> 0.056052756
A13: 12 | B13: Хомич | C13: Аудитор | D13: 25 | E13: 680 | F13: =E13*0.5 -> 340 | G13: =IF(D13>10,0.2*E13,0) -> 136 | H13: =E13+F13+G13 -> 1156 | I13: =0.2*H13 -> 231.2 | J13: =H13-I13 -> 924.8 | K13: =J13/$J$22 -> 0.060501387
A14: 13 | B14: Дашкевич | C14: Администратор | D14: 30 | E14: 730 | F14: =E14*0.5 -> 365 | G14: =IF(D14>10,0.2*E14,0) -> 146 | H14: =E14+F14+G14 -> 1241 | I14: =0.2*H14 -> 248.2 | J14: =H14-I14 -> 992.8 | K14: =J14/$J$22 -> 0.064950018
... A21: 20 | B21: Молош | C21: Начальник | D21: 4 | E21: 940 | F21: =E21*0.5 -> 470 | G21: =IF(D21>10,0.2*E21,0) -> 0 | H21: =E21+F21+G21 -> 1410 | I21: =0.2*H21 -> 282 | J21: =H21-I21 -> 1128 | K21: =J21/$J$22 -> 0.073794944
A22: Cумма | E22: =SUM(E2:E21) -> 11670 | F22: =SUM(F2:F21) -> 5835 | G22: =SUM(G4:G21) -> 1512 | H22: =SUM(H2:H21) -> 19107 | I22: =SUM(I2:I21) -> 3821.4 | J22: =SUM(J2:J21) -> 15285.6 | K22: =SUM(K2:K21) -> 1
A23: Среднее | E23: =SUM(E2:E21)/20 -> 583.5 | F23: =SUM(F2:F21)/20 -> 291.75 | G23: =G22/20 -> 75.6 | H23: =H22/20 -> 955.35 | I23: =I22/20 -> 191.07 | J23: =J22/20 -> 764.28 | K23: =K22/20 -> 0.05

Sheet Февраль
A1: Номер | B1: Фамилия | C1: Должность | D1: Стаж | E1: Оклад | F1: Премия | G1: Надбавка за стаж | H1: Итого | I1: Налоги | J1: Получить | K1: Доля
A2: 1 | B2: Старухина | C2: Бухгалтер | D2: 0 | E2: =Январь!E2:E21 * 1.1 -> 220 | F2: =E2*0.5 -> 110 | G2: =G11 -> 99 | H2: =E2+F2+G2 -> 429 | I2: =0.2*H2 -> 85.8 | J2: =H2-I2 -> 343.2 | K2: =J2/$J$22 -> 0.020411368
A3: 2 | B3: Карпин | C3: Главный бухгалтер | D3: 2 | E3: =Январь!E3:E22 * 1.1 -> 275 | F3: =E3*0.5 -> 137.5 | G3: =IF(D3>10,0.2*E3,0) -> 0 | H3: =E3+F3+G3 -> 412.5 | I3: =0.2*H3 -> 82.5 | J3: =H3-I3 -> 330 | K3: =J3/16814.16 -> 0.019626315
A4: 3 | B4: Карпович | C4: Маркетолог | D4: 6 | E4: =Январь!E4:E23 * 1.1 -> 330 | F4: =E4*0.5 -> 165 | G4: =IF(D4>10,0.2*E4,0) -> 0 | H4: =E4+F4+G4 -> 495 | I4: =0.2*H4 -> 99 | J4: =H4-I4 -> 396 | K4: =J4/16814.16 -> 0.023551578
A5: 4 | B5: Тихон | C5: PR-менеджер | D5: 4 | E5: =Январь!E5:E24 * 1.1 -> 385 | F5: =E5*0.5 -> 192.5 | G5: =IF(D5>10,0.2*E5,0) -> 0 | H5: =E5+F5+G5 -> 577.5 | I5: =0.2*H5 -> 115.5 | J5: =H5-I5 -> 462 | K5: =J5/$J$22 -> 0.027476841
A6: 5 | B6: Вермин | C6: Менеджер | D6: 5 | E6: =Январь!E6:E25 * 1.1 -> 440 | F6: =E6*0.5 -> 220 | G6: =IF(D6>10,0.2*E6,0) -> 0 | H6: =E6+F6+G6 -> 660 | I6: =0.2*H6 -> 132 | J6: =H6-I6 -> 528 | K6: =J6/$J$22 -> 0.031402104
A7: 6 | B7: Синицын | C7: Старший менеджер | D7: 11 | E7: =Январь!E7:E26 * 1.1 -> 451 | F7: =E7*0.5 -> 225.5 | G7: =IF(D7>10,0.2*E7,0) -> 90.2 | H7: =E7+F7+G7 -> 766.7 | I7: =0.2*H7 -> 153.34 | J7: =H7-I7 -> 613.36 | K7: =J7/$J$22 -> 0.036478777
A8: 7 | B8: Сизан | C8: Маркетолог | D8: 20 | E8: =Январь!E8:E27 * 1.1 -> 462 | F8: =E8*0.5 -> 231 | G8: =IF(D8>10,0.2*E8,0) -> 92.4 | H8: =E8+F8+G8 -> 785.4 | I8: =0.2*H8 -> 157.08 | J8: =H8-I8 -> 628.32 | K8: =J8/$J$22 -> 0.037368504
A9: 8 | B9: Адамович | C9: Бухгалтер | D9: 19 | E9: =Январь!E9:E28 * 1.1 -> 473 | F9: =E9*0.5 -> 236.5 | G9: =IF(D9>10,0.2*E9,0) -> 94.6 | H9: =E9+F9+G9 -> 804.1 | I9: =0.2*H9 -> 160.82 | J9: =H9-I9 -> 643.28 | K9: =J9/$J$22 -> 0.03825823
A10: 9 | B10: Торун | C10: Бизнес-аналитик | D10: 15 | E10: =Январь!E10:E29 * 1.1 -> 484 | F10: =E10*0.5 -> 242 | G10: =IF(D10>10,0.2*E10,0) -> 96.8 | H10: =E10+F10+G10 -> 822.8 | I10: =0.2*H10 -> 164.56 | J10: =H10-I10 -> 658.24 | K10: =J10/$J$22 -> 0.039147956
A11: 10 | B11: Морковец | C11: HR | D11: 16 | E11: =Январь!E11:E30 * 1.1 -> 495 | F11: =E11*0.5 -> 247.5 | G11: =IF(D11>10,0.2*E11,0) -> 99 | H11: =E11+F11+G11 -> 841.5 | I11: =0.2*H11 -> 168.3 | J11: =H11-I11 -> 673.2 | K11: =J11/$J$22 -> 0.040037683
A12: 11 | B12: Родин | C12: Программист | D12: 22 | E12: =Январь!E12:E31 * 1.1 -> 693 | F12: =E12*0.5 -> 346.5 | G12: =IF(D12>10,0.2*E12,0) -> 138.6 | H12: =E12+F12+G12 -> 1178.1 | I12: =0.2*H12 -> 235.62 | J12: =H12-I12 -> 942.48 | K12: =J12/$J$22 -> 0.056052756
A13: 12 | B13: Хомич | C13: Аудитор | D13: 25 | E13: =Январь!E13:E32 * 1.1 -> 748 | F13: =E13*0.5 -> 374 | G13: =IF(D13>10,0.2*E13,0) -> 149.6 | H13: =E13+F13+G13 -> 1271.6 | I13: =0.2*H13 -> 254.32 | J13: =H13-I13 -> 1017.28 | K13: =J13/$J$22 -> 0.060501387
A14: 13 | B14: Дашкевич | C14: Администратор | D14: 30 | E14: =Январь!E14:E33 * 1.1 -> 803 | F14: =E14*0.5 -> 401.5 | G14: =IF(D14>10,0.2*E14,0) -> 160.6 | H14: =E14+F14+G14 -> 1365.1 | I14: =0.2*H14 -> 273.02 | J14: =H14-I14 -> 1092.08 | K14: =J14/$J$22 -> 0.064950018
A15: 14 | B15: Кибинь | C15: Аналитик | D15: 24 | E15: =Январь!E15:E34 * 1.1 -> 858 | F15: =E15*0.5 -> 429 | G15: =IF(D15>10,0.2*E15,0) -> 171.6 | H15: =E15+F15+G15 -> 1458.6 | I15: =0.2*H15 -> 291.72 | J15: =H15-I15 -> 1166.88 | K15: =J15/$J$22 -> 0.06939865
A16: 15 | B16: Бубен | C16: Инженер | D16: 25 | E16: =Январь!E16:E35 * 1.1 -> 880 | F16: =E16*0.5 -> 440 | G16: =IF(D16>10,0.2*E16,0) -> 176 | H16: =E16+F16+G16 -> 1496 | I16: =0.2*H16 -> 299.2 | J16: =H16-I16 -> 1196.8 | K16: =J16/$J$22 -> 0.071178102
... A21: 20 | B21: Молош | C21: Начальник | D21: 4 | E21: =Январь!E21:E40 * 1.1 -> 1034 | F21: =E21*0.5 -> 517 | G21: =IF(D21>10,0.2*E21,0) -> 0 | H21: =E21+F21+G21 -> 1551 | I21: =0.2*H21 -> 310.2 | J21: =H21-I21 -> 1240.8 | K21: =J21/$J$22 -> 0.073794944
A22: Cумма | E22: =SUM(E2:E21) -> 12837 | F22: =SUM(F2:F21) -> 6418.5 | G22: =SUM(G4:G21) -> 1663.2 | H22: =SUM(H2:H21) -> 21017.7 | I22: =SUM(I2:I21) -> 4203.54 | J22: =SUM(J2:J21) -> 16814.16 | K22: =SUM(K2:K21) -> 1
A23: Среднее | E23: =SUM(E2:E21)/20 -> 641.85 | F23: =SUM(F2:F21)/20 -> 320.925 | G23: =G22/20 -> 83.16 | H23: =H22/20 -> 1050.885 | I23: =I22/20 -> 210.177 | J23: =J22/20 -> 840.708 | K23: =K22/20 -> 0.05

Sheet Март
A1: Номер | B1: Фамилия | C1: Должность | D1: Стаж | E1: Оклад | F1: Премия | G1: Надбавка за стаж | H1: Итого | I1: Налоги | J1: Получить | K1: Доля
A2: 1 | B2: Старухина | C2: Бухгалтер | D2: 0 | E2: =Февраль!E2:E21 * 1.05 -> 231 | F2: =E2*0.5 -> 115.5 | G2: =G11 -> 103.95 | H2: =E2+F2+G2 -> 450.45 | I2: =0.2*H2 -> 90.09 | J2: =H2-I2 -> 360.36 | K2: =J2/$J$22 -> 0.020411368
A3: 2 | B3: Карпин | C3: Главный бухгалтер | D3: 2 | E3: =Февраль!E3:E22 * 1.05 -> 288.75 | F3: =E3*0.5 -> 144.375 | G3: =IF(D3>10,0.2*E3,0) -> 0 | H3: =E3+F3+G3 -> 433.125 | I3: =0.2*H3 -> 86.625 | J3: =H3-I3 -> 346.5 | K3: =J3/$J$22 -> 0.019626315
A4: 3 | B4: Карпович | C4: Маркетолог | D4: 6 | E4: =Февраль!E4:E23 * 1.05 -> 346.5 | F4: =E4*0.5 -> 173.25 | G4: =IF(D4>10,0.2*E4,0) -> 0 | H4: =E4+F4+G4 -> 519.75 | I4: =0.2*H4 -> 103.95 | J4: =H4-I4 -> 415.8 | K4: =J4/$J$22 -> 0.023551578
A5: 4 | B5: Тихон | C5: PR-менеджер | D5: 4 | E5: =Февраль!E5:E24 * 1.05 -> 404.25 | F5: =E5*0.5 -> 202.125 | G5: =IF(D5>10,0.2*E5,0) -> 0 | H5: =E5+F5+G5 -> 606.375 | I5: =0.2*H5 -> 121.275 | J5: =H5-I5 -> 485.1 | K5: =J5/$J$22 -> 0.027476841
A6: 5 | B6: Вермин | C6: Менеджер | D6: 5 | E6: =Февраль!E6:E25 * 1.05 -> 462 | F6: =E6*0.5 -> 231 | G6: =IF(D6>10,0.2*E6,0) -> 0 | H6: =E6+F6+G6 -> 693 | I6: =0.2*H6 -> 138.6 | J6: =H6-I6 -> 554.4 | K6: =J6/$J$22 -> 0.031402104
A7: 6 | B7: Синицын | C7: Старший менеджер | D7: 11 | E7: =Февраль!E7:E26 * 1.05 -> 473.55 | F7: =E7*0.5 -> 236.775 | G7: =IF(D7>10,0.2*E7,0) -> 94.71 | H7: =E7+F7+G7 -> 805.035 | I7: =0.2*H7 -> 161.007 | J7: =H7-I7 -> 644.028 | K7: =J7/$J$22 -> 0.036478777
A8: 7 | B8: Сизан | C8: Маркетолог | D8: 20 | E8: =Февраль!E8:E27 * 1.05 -> 485.1 | F8: =E8*0.5 -> 242.55 | G8: =IF(D8>10,0.2*E8,0) -> 97.02 | H8: =E8+F8+G8 -> 824.67 | I8: =0.2*H8 -> 164.934 | J8: =H8-I8 -> 659.736 | K8: =J8/$J$22 -> 0.037368504
A9: 8 | B9: Адамович | C9: Бухгалтер | D9: 19 | E9: =Февраль!E9:E28 * 1.05 -> 496.65 | F9: =E9*0.5 -> 248.325 | G9: =IF(D9>10,0.2*E9,0) -> 99.33 | H9: =E9+F9+G9 -> 844.305 | I9: =0.2*H9 -> 168.861 | J9: =H9-I9 -> 675.444 | K9: =J9/$J$22 -> 0.03825823
A10: 9 | B10: Торун | C10: Бизнес-аналитик | D10: 15 | E10: =Февраль!E10:E29 * 1.05 -> 508.2 | F10: =E10*0.5 -> 254.1 | G10: =IF(D10>10,0.2*E10,0) -> 101.64 | H10: =E10+F10+G10 -> 863.94 | I10: =0.2*H10 -> 172.788 | J10: =H10-I10 -> 691.152 | K10: =J10/$J$22 -> 0.039147956
A11: 10 | B11: Морковец | C11: HR | D11: 16 | E11: =Февраль!E11:E30 * 1.05 -> 519.75 | F11: =E11*0.5 -> 259.875 | G11: =IF(D11>10,0.2*E11,0) -> 103.95 | H11: =E11+F11+G11 -> 883.575 | I11: =0.2*H11 -> 176.715 | J11: =H11-I11 -> 706.86 | K11: =J11/$J$22 -> 0.040037683
A12: 11 | B12: Родин | C12: Программист | D12: 22 | E12: =Февраль!E12:E31 * 1.05 -> 727.65 | F12: =E12*0.5 -> 363.825 | G12: =IF(D12>10,0.2*E12,0) -> 145.53 | H12: =E12+F12+G12 -> 1237.005 | I12: =0.2*H12 -> 247.401 | J12: =H12-I12 -> 989.604 | K12: =J12/$J$22 -> 0.056052756
A13: 12 | B13: Хомич | C13: Аудитор | D13: 25 | E13: =Февраль!E13:E32 * 1.05 -> 785.4 | F13: =E13*0.5 -> 392.7 | G13: =IF(D13>10,0.2*E13,0) -> 157.08 | H13: =E13+F13+G13 -> 1335.18 | I13: =0.2*H13 -> 267.036 | J13: =H13-I13 -> 1068.144 | K13: =J13/$J$22 -> 0.060501387
A14: 13 | B14: Дашкевич | C14: Администратор | D14: 30 | E14: =Февраль!E14:E33 * 1.05 -> 843.15 | F14: =E14*0.5 -> 421.575 | G14: =IF(D14>10,0.2*E14,0) -> 168.63 | H14: =E14+F14+G14 -> 1433.355 | I14: =0.2*H14 -> 286.671 | J14: =H14-I14 -> 1146.684 | K14: =J14/$J$22 -> 0.064950018
... A21: 20 | B21: Молош | C21: Начальник | D21: 4 | E21: =Февраль!E21:E40 * 1.05 -> 1085.7 | F21: =E21*0.5 -> 542.85 | G21: =IF(D21>10,0.2*E21,0) -> 0 | H21: =E21+F21+G21 -> 1628.55 | I21: =0.2*H21 -> 325.71 | J21: =H21-I21 -> 1302.84 | K21: =J21/$J$22 -> 0.073794944
A22: Cумма | E22: =SUM(E2:E21) -> 13478.85 | F22: =SUM(F2:F21) -> 6739.425 | G22: =SUM(G4:G21) -> 1746.36 | H22: =SUM(H2:H21) -> 22068.585 | I22: =SUM(I2:I21) -> 4413.717 | J22: =SUM(J2:J21) -> 17654.868 | K22: =SUM(K2:K21) -> 1
A23: Среднее | E23: =SUM(E2:E21)/20 -> 673.9425 | F23: =SUM(F2:F21)/20 -> 336.97125 | G23: =G22/20 -> 87.318 | H23: =H22/20 -> 1103.4293 | I23: =I22/20 -> 220.68585 | J23: =J22/20 -> 882.7434 | K23: =K22/20 -> 0.05

Sheet Зп фин. директора
A1: Месяц | B1: Январь | C1: Февраль | D1: Март
A2: Всего получить | B2: =Январь!J18 -> 1020 | C2: =Февраль!J18 -> 1122 | D2: =Март!J18 -> 1178.1
